{
  "LogisticRegression": {
    "val": {
      "precision": 0.04721030042918455,
      "recall": 0.23404255319148937,
      "f1": 0.07857142857142857,
      "auc_pr": 0.02194922973883113,
      "auc_roc": 0.7248130839787491,
      "threshold": 0.9999999999737617,
      "tp": 11,
      "fp": 222,
      "fn": 36,
      "tn": 7231,
      "n_samples": 7500,
      "n_positive": 47
    },
    "test": {
      "precision": 0.022900763358778626,
      "recall": 0.1276595744680851,
      "f1": 0.038834951456310676,
      "auc_pr": 0.01923649879759394,
      "auc_roc": 0.6891584425520496,
      "threshold": 0.9999999999737617,
      "tp": 6,
      "fp": 256,
      "fn": 41,
      "tn": 7197,
      "n_samples": 7500,
      "n_positive": 47
    },
    "unseen": {
      "precision": 0.034482758620689655,
      "recall": 0.1875,
      "f1": 0.05825242718446602,
      "auc_pr": 0.02107653602468024,
      "auc_roc": 0.7176271890096617,
      "threshold": 0.9999999999737617,
      "tp": 6,
      "fp": 168,
      "fn": 26,
      "tn": 4800,
      "n_samples": 5000,
      "n_positive": 32
    }
  },
  "XGBoost": {
    "val": {
      "precision": 0.26666666666666666,
      "recall": 0.0851063829787234,
      "f1": 0.12903225806451613,
      "auc_pr": 0.05839976306865331,
      "auc_roc": 0.6917648469415429,
      "threshold": 0.8560985326766968,
      "tp": 4,
      "fp": 11,
      "fn": 43,
      "tn": 7442,
      "n_samples": 7500,
      "n_positive": 47
    },
    "test": {
      "precision": 0.14285714285714285,
      "recall": 0.0425531914893617,
      "f1": 0.06557377049180328,
      "auc_pr": 0.03763487433839301,
      "auc_roc": 0.728893976722211,
      "threshold": 0.8560985326766968,
      "tp": 2,
      "fp": 12,
      "fn": 45,
      "tn": 7441,
      "n_samples": 7500,
      "n_positive": 47
    },
    "unseen": {
      "precision": 0.1111111111111111,
      "recall": 0.03125,
      "f1": 0.04878048780487805,
      "auc_pr": 0.03399048605699178,
      "auc_roc": 0.7739595913848631,
      "threshold": 0.8560985326766968,
      "tp": 1,
      "fp": 8,
      "fn": 31,
      "tn": 4960,
      "n_samples": 5000,
      "n_positive": 32
    }
  },
  "LightGBM": {
    "val": {
      "precision": 0.014084507042253521,
      "recall": 0.0425531914893617,
      "f1": 0.021164021164021163,
      "auc_pr": 0.005392451191725374,
      "auc_roc": 0.3485915995557979,
      "threshold": 0.9464949062708092,
      "tp": 2,
      "fp": 140,
      "fn": 45,
      "tn": 7313,
      "n_samples": 7500,
      "n_positive": 47
    },
    "test": {
      "precision": 0.04225352112676056,
      "recall": 0.1276595744680851,
      "f1": 0.06349206349206349,
      "auc_pr": 0.01575654217567694,
      "auc_roc": 0.3392507943395634,
      "threshold": 0.9464949062708092,
      "tp": 6,
      "fp": 136,
      "fn": 41,
      "tn": 7317,
      "n_samples": 7500,
      "n_positive": 47
    },
    "unseen": {
      "precision": 0.022222222222222223,
      "recall": 0.0625,
      "f1": 0.03278688524590164,
      "auc_pr": 0.0090857116259822,
      "auc_roc": 0.3021776871980676,
      "threshold": 0.9464949062708092,
      "tp": 2,
      "fp": 88,
      "fn": 30,
      "tn": 4880,
      "n_samples": 5000,
      "n_positive": 32
    }
  }
}