{
  "session": "Day 1 \u2014 Initial Production Training",
  "run_name": "A100-day1-initial",
  "device": "cuda",
  "gpu_name": "NVIDIA A100-SXM4-40GB",
  "gpu_vram_gb": 42.4,
  "amp_dtype": "bfloat16",
  "batch_size": 4096,
  "lr": 0.001,
  "model_params": 317633,
  "train_rows": 10000000,
  "epochs_run": 50,
  "best_epoch": 39,
  "best_val_auc": 0.05427803319791422,
  "avg_epoch_time_s": 241.09799924850464,
  "total_train_time_min": 201.6926629503568,
  "peak_gpu_memory_gb": 1.773563392,
  "results": {
    "val": {
      "precision": 0.09414931468704557,
      "recall": 0.19512664315485734,
      "f1": 0.12701394106352784,
      "auc_pr": 0.05427803319791422,
      "auc_roc": 0.819754886773864,
      "threshold": 0.34765625,
      "tp": 3043,
      "fp": 29278,
      "fn": 12552,
      "tn": 1955127
    },
    "test": {
      "precision": 0.09555773085349369,
      "recall": 0.1558816820013687,
      "f1": 0.11848341232227488,
      "auc_pr": 0.049672311997284384,
      "auc_roc": 0.8034589451263144,
      "threshold": 0.34765625,
      "tp": 2050,
      "fp": 19403,
      "fn": 11101,
      "tn": 1967446
    },
    "unseen": {
      "precision": 0.09574005650945447,
      "recall": 0.21075294539800252,
      "f1": 0.13166694688860245,
      "auc_pr": 0.058199045285166465,
      "auc_roc": 0.8186149553084392,
      "threshold": 0.34765625,
      "tp": 3524,
      "fp": 33284,
      "fn": 13197,
      "tn": 1949995
    }
  },
  "mlflow_run_id": "4ee0cfa979564562928ae472d8c16a93"
}